"0","GOL<- autos %>% filter(tipo==""GOL"" & b==""TREND"" & TIPO==""SEDAN 5 PUERTAS"")"
"0","GOL<- GOL %>%  separate(c, into = c(""c"",""d"",""e"",""f""), sep=' ', extra='merge')"
"2","Warning:"
"2"," Expected 4 pieces. Missing pieces filled with `NA` in 1804 rows [1, 2, 3, 4, 5, 7, 52, 53, 54, 55, 56, 57, 58, 59, 60, 61, 62, 63, 64, 65, ...].
"
"0","#Todos los GOL Trend de 2020 y 2021 son a gas. "
"0","GOL<- GOL%>% mutate(gas=case_when(e==""GAS"" ~ 1,                                     TRUE~0)) "
"0",""
"0","#Promedios "
"0",""
"0",""
"0","GOL %>% filter(MODELO_A==""2008"")  %>% group_by(gas) %>% count()"
